timestamp,prompt,saePath,saeEnabled,maxNewTokens,temperature,topP,seed,steeringMode,notebookExperiment,notebookMethod,notebookFactor,notebookTopK,projection,projectorLocation,hookPointTarget,hookLayerIndex,featureIds,value,factor,threshold,topK,tokenIndex,hookPoint,hookPointLabel,elapsedSeconds,positiveLabel,negativeLabel,notebookVectorNonzero,baselineFile,positiveSteeredFile,negativeSteeredFile
2026-05-07T22:52:33.157702,Should I wear a blanket today?,C:\Users\amsba\Desktop\Code\Experimentation\LLMIdeas\LLMsFinalProjectIdeas\idea_1\saved_saes\shrink_mid_1\shrink\best_step_update,True,100,0.8,0.95,42,notebook_delta_pair,hot_cold,project,1,1000,identity,post_activation,checkpoint,0,,20,2,1,50,all,blocks.9.hook_resid_post,checkpoint hook,302.13940159999765,hot,cold,216,2026-05-07_22-52-33-157702_baseline.txt,2026-05-07_22-52-33-157702_positive.txt,2026-05-07_22-52-33-157702_negative.txt
2026-05-08T06:29:03.349569,Will I need a blanket today?,C:\Users\amsba\Desktop\Code\Experimentation\LLMIdeas\LLMsFinalProjectIdeas\idea_1\saved_saes\shrink_mid_1\shrink\best_step_update,True,100,0.8,0.95,42,notebook_delta_pair,hot_cold,project,1,1000,identity,post_activation,checkpoint,0,,20,2,1,50,all,blocks.9.hook_resid_post,checkpoint hook,338.1451610000804,hot,cold,216,2026-05-08_06-29-03-349569_baseline.txt,2026-05-08_06-29-03-349569_positive.txt,2026-05-08_06-29-03-349569_negative.txt
2026-05-08T06:46:30.815065,Will I need a blanket today?,C:\Users\amsba\Desktop\Code\Experimentation\LLMIdeas\LLMsFinalProjectIdeas\idea_1\saved_saes\shrink_mid_1\shrink,True,100,0.8,0.95,42,notebook_delta_pair,hot_cold,project,1,1000,identity,post_activation,checkpoint,0,,20,2,1,50,all,blocks.9.hook_resid_post,checkpoint hook,317.5501581999706,hot,cold,216,2026-05-08_06-46-30-815065_baseline.txt,2026-05-08_06-46-30-815065_positive.txt,2026-05-08_06-46-30-815065_negative.txt
2026-05-08T16:03:39.461578,Will I need a blanket today?,C:\Users\amsba\Desktop\Code\Experimentation\LLMIdeas\LLMsFinalProjectIdeas\idea_1\saved_saes\relu_mid_1\relu\best_step_update,True,100,0.8,0.95,42,notebook_delta_pair,hot_cold,add,10,1000,identity,post_activation,checkpoint,0,,20,2,1,50,all,blocks.9.hook_resid_post,checkpoint hook,270.55318619997706,hot,cold,907,2026-05-08_16-03-39-461578_baseline.txt,2026-05-08_16-03-39-461578_positive.txt,2026-05-08_16-03-39-461578_negative.txt
2026-05-08T16:35:11.017900,Will I need a blanket today?,C:\Users\amsba\Desktop\Code\Experimentation\LLMIdeas\LLMsFinalProjectIdeas\idea_1\saved_saes\relu_mid_1\relu\best_step_update,True,100,0.8,0.95,42,notebook_delta_pair,hot_cold,project,1,1000,identity,post_activation,checkpoint,0,,20,2,1,50,all,blocks.9.hook_resid_post,checkpoint hook,265.305249499972,hot,cold,907,2026-05-08_16-35-11-017900_baseline.txt,2026-05-08_16-35-11-017900_positive.txt,2026-05-08_16-35-11-017900_negative.txt
2026-05-08T16:41:18.196093,Will I need a blanket today?,C:\Users\amsba\Desktop\Code\Experimentation\LLMIdeas\LLMsFinalProjectIdeas\idea_1\saved_saes\shrink_mid_1\shrink\best_step_update,True,100,0.8,0.95,42,notebook_delta_pair,hot_cold,project,1,1000,identity,post_activation,checkpoint,0,,20,2,1,50,all,blocks.9.hook_resid_post,checkpoint hook,250.76403860002756,hot,cold,218,2026-05-08_16-41-18-196093_baseline.txt,2026-05-08_16-41-18-196093_positive.txt,2026-05-08_16-41-18-196093_negative.txt
2026-05-09T08:08:41.446996,is the temperature outside hot or cold?,/home/andyholmberg/Projects/MATH498-Sparse-Autoencoder-Manipulation/saved_saes/shrink_mid_1/shrink/best_step_update,True,100,0.8,0.95,42,notebook_delta_pair,hot_cold,add,10,1000,identity,post_activation,checkpoint,0,,20,2,1,50,all,blocks.9.hook_resid_post,checkpoint hook,6.2983787804841995,hot,cold,218,2026-05-09_08-08-41-446996_baseline.txt,2026-05-09_08-08-41-446996_positive.txt,2026-05-09_08-08-41-446996_negative.txt
2026-05-09T08:08:53.570113,tell me a story about a rainy afternoon,/home/andyholmberg/Projects/MATH498-Sparse-Autoencoder-Manipulation/saved_saes/shrink_mid_1/shrink/best_step_update,True,100,0.8,0.95,42,notebook_delta_pair,happy_sad,add,6,100,identity,post_activation,checkpoint,0,,20,2,1,50,all,blocks.9.hook_resid_post,checkpoint hook,6.04758614487946,happy,sad,100,2026-05-09_08-08-53-570113_baseline.txt,2026-05-09_08-08-53-570113_positive.txt,2026-05-09_08-08-53-570113_negative.txt
2026-05-09T11:55:14.886402,is the temperature outside hot or cold?,/home/andyholmberg/Projects/MATH498-Sparse-Autoencoder-Manipulation/saved_saes/shrink_mid_1/shrink/best_step_update,True,100,0.8,0.95,42,notebook_delta_pair,hot_cold,add,10,1000,identity,post_activation,checkpoint,0,,20,2,1,50,all,blocks.9.hook_resid_post,checkpoint hook,5.289400001987815,hot,cold,218,2026-05-09_11-55-14-886402_baseline.txt,2026-05-09_11-55-14-886402_positive.txt,2026-05-09_11-55-14-886402_negative.txt
2026-05-09T11:55:25.023511,is the temperature outside hot or cold?,/home/andyholmberg/Projects/MATH498-Sparse-Autoencoder-Manipulation/saved_saes/shrink_mid_1/shrink/best_step_update,True,100,0.8,0.95,42,notebook_delta_pair,hot_cold,project,1,1000,identity,post_activation,checkpoint,0,,20,2,1,50,all,blocks.9.hook_resid_post,checkpoint hook,6.19442336820066,hot,cold,218,2026-05-09_11-55-25-023511_baseline.txt,2026-05-09_11-55-25-023511_positive.txt,2026-05-09_11-55-25-023511_negative.txt
2026-05-09T11:55:46.798176,Tell me a story about mt everest,/home/andyholmberg/Projects/MATH498-Sparse-Autoencoder-Manipulation/saved_saes/shrink_mid_1/shrink/best_step_update,True,100,0.8,0.95,42,notebook_delta_pair,hot_cold,project,1,1000,identity,post_activation,checkpoint,0,,20,2,1,50,all,blocks.9.hook_resid_post,checkpoint hook,6.1255650408566,hot,cold,218,2026-05-09_11-55-46-798176_baseline.txt,2026-05-09_11-55-46-798176_positive.txt,2026-05-09_11-55-46-798176_negative.txt
2026-05-09T11:56:12.208581,Tell me a story about mt everest.,/home/andyholmberg/Projects/MATH498-Sparse-Autoencoder-Manipulation/saved_saes/shrink_mid_1/shrink/best_step_update,True,100,0.8,0.95,42,notebook_delta_pair,hot_cold,project,1,1000,identity,post_activation,checkpoint,0,,20,2,1,50,all,blocks.9.hook_resid_post,checkpoint hook,6.159122485667467,hot,cold,218,2026-05-09_11-56-12-208581_baseline.txt,2026-05-09_11-56-12-208581_positive.txt,2026-05-09_11-56-12-208581_negative.txt
2026-05-09T11:56:33.893232,Tell me a story about mt everest?,/home/andyholmberg/Projects/MATH498-Sparse-Autoencoder-Manipulation/saved_saes/shrink_mid_1/shrink/best_step_update,True,100,0.8,0.95,42,notebook_delta_pair,hot_cold,project,1,1000,identity,post_activation,checkpoint,0,,20,2,1,50,all,blocks.9.hook_resid_post,checkpoint hook,6.163396677002311,hot,cold,218,2026-05-09_11-56-33-893232_baseline.txt,2026-05-09_11-56-33-893232_positive.txt,2026-05-09_11-56-33-893232_negative.txt
2026-05-09T11:56:44.038197,Tell me a story about mt everest,/home/andyholmberg/Projects/MATH498-Sparse-Autoencoder-Manipulation/saved_saes/shrink_mid_1/shrink/best_step_update,True,100,0.8,0.95,42,notebook_delta_pair,hot_cold,project,1,1000,identity,post_activation,checkpoint,0,,20,2,1,50,all,blocks.9.hook_resid_post,checkpoint hook,6.182914167642593,hot,cold,218,2026-05-09_11-56-44-038197_baseline.txt,2026-05-09_11-56-44-038197_positive.txt,2026-05-09_11-56-44-038197_negative.txt
2026-05-09T11:57:11.765659,Tell me a story about mt everest,/home/andyholmberg/Projects/MATH498-Sparse-Autoencoder-Manipulation/saved_saes/shrink_mid_1/shrink/best_step_update,True,100,0.8,0.95,42,notebook_delta_pair,hot_cold,add,10,1000,identity,post_activation,checkpoint,0,,20,2,1,50,all,blocks.9.hook_resid_post,checkpoint hook,5.029637333005667,hot,cold,218,2026-05-09_11-57-11-765659_baseline.txt,2026-05-09_11-57-11-765659_positive.txt,2026-05-09_11-57-11-765659_negative.txt
2026-05-09T11:57:37.863842,Tell me a story about the cold wind,/home/andyholmberg/Projects/MATH498-Sparse-Autoencoder-Manipulation/saved_saes/shrink_mid_1/shrink/best_step_update,True,100,0.8,0.95,42,notebook_delta_pair,hot_cold,add,10,1000,identity,post_activation,checkpoint,0,,20,2,1,50,all,blocks.9.hook_resid_post,checkpoint hook,5.039234170690179,hot,cold,218,2026-05-09_11-57-37-863842_baseline.txt,2026-05-09_11-57-37-863842_positive.txt,2026-05-09_11-57-37-863842_negative.txt
2026-05-09T11:58:56.518739,Tell me a story about the the burning sun,/home/andyholmberg/Projects/MATH498-Sparse-Autoencoder-Manipulation/saved_saes/shrink_mid_1/shrink/best_step_update,True,100,0.8,0.95,42,notebook_delta_pair,hot_cold,add,10,1000,identity,post_activation,checkpoint,0,,20,2,1,50,all,blocks.9.hook_resid_post,checkpoint hook,4.982598112896085,hot,cold,218,2026-05-09_11-58-56-518739_baseline.txt,2026-05-09_11-58-56-518739_positive.txt,2026-05-09_11-58-56-518739_negative.txt
2026-05-09T11:59:28.312999,tell me a story of a patient at a hospital,/home/andyholmberg/Projects/MATH498-Sparse-Autoencoder-Manipulation/saved_saes/shrink_mid_1/shrink/best_step_update,True,100,0.8,0.95,42,notebook_delta_pair,hot_cold,add,10,1000,identity,post_activation,checkpoint,0,,20,2,1,50,all,blocks.9.hook_resid_post,checkpoint hook,4.994903007522225,hot,cold,218,2026-05-09_11-59-28-312999_baseline.txt,2026-05-09_11-59-28-312999_positive.txt,2026-05-09_11-59-28-312999_negative.txt
2026-05-09T11:59:38.580871,tell me a story of a patient at a hospital,/home/andyholmberg/Projects/MATH498-Sparse-Autoencoder-Manipulation/saved_saes/shrink_mid_1/shrink/best_step_update,True,100,0.8,0.95,42,notebook_delta_pair,hot_cold,project,1,1000,identity,post_activation,checkpoint,0,,20,2,1,50,all,blocks.9.hook_resid_post,checkpoint hook,6.199723334982991,hot,cold,218,2026-05-09_11-59-38-580871_baseline.txt,2026-05-09_11-59-38-580871_positive.txt,2026-05-09_11-59-38-580871_negative.txt
2026-05-09T12:00:30.475034,Should I bring a blanket for today?,/home/andyholmberg/Projects/MATH498-Sparse-Autoencoder-Manipulation/saved_saes/shrink_mid_1/shrink/best_step_update,True,100,0.8,0.95,42,notebook_delta_pair,hot_cold,project,1,1000,identity,post_activation,checkpoint,0,,20,2,1,50,all,blocks.9.hook_resid_post,checkpoint hook,6.1900523360818624,hot,cold,218,2026-05-09_12-00-30-475034_baseline.txt,2026-05-09_12-00-30-475034_positive.txt,2026-05-09_12-00-30-475034_negative.txt
2026-05-09T12:00:56.000544,should I bring a blanket for today?,/home/andyholmberg/Projects/MATH498-Sparse-Autoencoder-Manipulation/saved_saes/shrink_mid_1/shrink/best_step_update,True,100,0.8,0.95,42,notebook_delta_pair,hot_cold,project,1,1000,identity,post_activation,checkpoint,0,,20,2,1,50,all,blocks.9.hook_resid_post,checkpoint hook,6.165749384090304,hot,cold,218,2026-05-09_12-00-56-000544_baseline.txt,2026-05-09_12-00-56-000544_positive.txt,2026-05-09_12-00-56-000544_negative.txt
2026-05-09T12:01:15.529420,will I need a blanket for today?,/home/andyholmberg/Projects/MATH498-Sparse-Autoencoder-Manipulation/saved_saes/shrink_mid_1/shrink/best_step_update,True,100,0.8,0.95,42,notebook_delta_pair,hot_cold,project,1,1000,identity,post_activation,checkpoint,0,,20,2,1,50,all,blocks.9.hook_resid_post,checkpoint hook,6.157107673585415,hot,cold,218,2026-05-09_12-01-15-529420_baseline.txt,2026-05-09_12-01-15-529420_positive.txt,2026-05-09_12-01-15-529420_negative.txt
2026-05-09T12:01:24.506847,Will I need a blanket for today?,/home/andyholmberg/Projects/MATH498-Sparse-Autoencoder-Manipulation/saved_saes/shrink_mid_1/shrink/best_step_update,True,100,0.8,0.95,42,notebook_delta_pair,hot_cold,project,1,1000,identity,post_activation,checkpoint,0,,20,2,1,50,all,blocks.9.hook_resid_post,checkpoint hook,6.157154846936464,hot,cold,218,2026-05-09_12-01-24-506847_baseline.txt,2026-05-09_12-01-24-506847_positive.txt,2026-05-09_12-01-24-506847_negative.txt
2026-05-09T12:01:38.367591,Will I need a blanket for today?,/home/andyholmberg/Projects/MATH498-Sparse-Autoencoder-Manipulation/saved_saes/shrink_mid_1/shrink/best_step_update,True,100,0.8,0.95,42,notebook_delta_pair,hot_cold,add,10,1000,identity,post_activation,checkpoint,0,,20,2,1,50,all,blocks.9.hook_resid_post,checkpoint hook,5.044677143916488,hot,cold,218,2026-05-09_12-01-38-367591_baseline.txt,2026-05-09_12-01-38-367591_positive.txt,2026-05-09_12-01-38-367591_negative.txt
2026-05-09T12:02:00.637691,will I need a blanket today?,/home/andyholmberg/Projects/MATH498-Sparse-Autoencoder-Manipulation/saved_saes/shrink_mid_1/shrink/best_step_update,True,100,0.8,0.95,42,notebook_delta_pair,hot_cold,add,10,1000,identity,post_activation,checkpoint,0,,20,2,1,50,all,blocks.9.hook_resid_post,checkpoint hook,5.027192376554012,hot,cold,218,2026-05-09_12-02-00-637691_baseline.txt,2026-05-09_12-02-00-637691_positive.txt,2026-05-09_12-02-00-637691_negative.txt
2026-05-09T12:02:11.124289,will I need a blanket today?,/home/andyholmberg/Projects/MATH498-Sparse-Autoencoder-Manipulation/saved_saes/shrink_mid_1/shrink/best_step_update,True,100,0.8,0.95,42,notebook_delta_pair,hot_cold,project,1,1000,identity,post_activation,checkpoint,0,,20,2,1,50,all,blocks.9.hook_resid_post,checkpoint hook,6.162704272195697,hot,cold,218,2026-05-09_12-02-11-124289_baseline.txt,2026-05-09_12-02-11-124289_positive.txt,2026-05-09_12-02-11-124289_negative.txt
2026-05-09T12:02:55.270576,Tell me a sad story,/home/andyholmberg/Projects/MATH498-Sparse-Autoencoder-Manipulation/saved_saes/shrink_mid_1/shrink/best_step_update,True,100,0.8,0.95,42,notebook_delta_pair,hot_cold,add,10,1000,identity,post_activation,checkpoint,0,,20,2,1,50,all,blocks.9.hook_resid_post,checkpoint hook,5.025734353810549,hot,cold,218,2026-05-09_12-02-55-270576_baseline.txt,2026-05-09_12-02-55-270576_positive.txt,2026-05-09_12-02-55-270576_negative.txt
2026-05-09T12:03:07.287294,Tell me a sad story,/home/andyholmberg/Projects/MATH498-Sparse-Autoencoder-Manipulation/saved_saes/shrink_mid_1/shrink/best_step_update,True,100,0.8,0.95,42,notebook_delta_pair,happy_sad,add,6,100,identity,post_activation,checkpoint,0,,20,2,1,50,all,blocks.9.hook_resid_post,checkpoint hook,5.001213090494275,happy,sad,100,2026-05-09_12-03-07-287294_baseline.txt,2026-05-09_12-03-07-287294_positive.txt,2026-05-09_12-03-07-287294_negative.txt
2026-05-09T12:03:46.247498,Tell me a story,/home/andyholmberg/Projects/MATH498-Sparse-Autoencoder-Manipulation/saved_saes/shrink_mid_1/shrink/best_step_update,True,100,0.8,0.95,42,notebook_delta_pair,happy_sad,add,6,100,identity,post_activation,checkpoint,0,,20,2,1,50,all,blocks.9.hook_resid_post,checkpoint hook,5.008777426555753,happy,sad,100,2026-05-09_12-03-46-247498_baseline.txt,2026-05-09_12-03-46-247498_positive.txt,2026-05-09_12-03-46-247498_negative.txt
2026-05-09T12:04:09.107052,what is the temperature outside?,/home/andyholmberg/Projects/MATH498-Sparse-Autoencoder-Manipulation/saved_saes/shrink_mid_1/shrink/best_step_update,True,100,0.8,0.95,42,notebook_delta_pair,happy_sad,add,6,100,identity,post_activation,checkpoint,0,,20,2,1,50,all,blocks.9.hook_resid_post,checkpoint hook,5.012441528961062,happy,sad,100,2026-05-09_12-04-09-107052_baseline.txt,2026-05-09_12-04-09-107052_positive.txt,2026-05-09_12-04-09-107052_negative.txt
2026-05-09T12:04:25.421373,what is the temperature outside?,/home/andyholmberg/Projects/MATH498-Sparse-Autoencoder-Manipulation/saved_saes/shrink_mid_1/shrink/best_step_update,True,100,0.8,0.95,42,notebook_delta_pair,hot_cold,add,10,1000,identity,post_activation,checkpoint,0,,20,2,1,50,all,blocks.9.hook_resid_post,checkpoint hook,4.9965513944625854,hot,cold,218,2026-05-09_12-04-25-421373_baseline.txt,2026-05-09_12-04-25-421373_positive.txt,2026-05-09_12-04-25-421373_negative.txt
2026-05-09T12:04:42.921411,what is the temperature outside?,/home/andyholmberg/Projects/MATH498-Sparse-Autoencoder-Manipulation/saved_saes/shrink_mid_1/shrink/best_step_update,True,100,0.8,0.95,42,notebook_delta_pair,happy_sad,add,6,100,identity,post_activation,checkpoint,0,,20,2,1,50,all,blocks.9.hook_resid_post,checkpoint hook,5.004665208980441,happy,sad,100,2026-05-09_12-04-42-921411_baseline.txt,2026-05-09_12-04-42-921411_positive.txt,2026-05-09_12-04-42-921411_negative.txt
2026-05-09T12:04:54.172044,what is the temperature outside?,/home/andyholmberg/Projects/MATH498-Sparse-Autoencoder-Manipulation/saved_saes/shrink_mid_1/shrink/best_step_update,True,100,0.8,0.95,42,notebook_delta_pair,hot_cold,add,10,1000,identity,post_activation,checkpoint,0,,20,2,1,50,all,blocks.9.hook_resid_post,checkpoint hook,4.978442307561636,hot,cold,218,2026-05-09_12-04-54-172044_baseline.txt,2026-05-09_12-04-54-172044_positive.txt,2026-05-09_12-04-54-172044_negative.txt
2026-05-09T12:05:09.129570,what is the temperature outside?,/home/andyholmberg/Projects/MATH498-Sparse-Autoencoder-Manipulation/saved_saes/shrink_mid_1/shrink/best_step_update,True,100,0.8,0.95,42,notebook_delta_pair,hot_cold,project,1,1000,identity,post_activation,checkpoint,0,,20,2,1,50,all,blocks.9.hook_resid_post,checkpoint hook,6.120014324784279,hot,cold,218,2026-05-09_12-05-09-129570_baseline.txt,2026-05-09_12-05-09-129570_positive.txt,2026-05-09_12-05-09-129570_negative.txt
2026-05-09T12:05:25.442471,Tell me a story of a patient at a hospital,/home/andyholmberg/Projects/MATH498-Sparse-Autoencoder-Manipulation/saved_saes/shrink_mid_1/shrink/best_step_update,True,100,0.8,0.95,42,notebook_delta_pair,hot_cold,project,1,1000,identity,post_activation,checkpoint,0,,20,2,1,50,all,blocks.9.hook_resid_post,checkpoint hook,6.175925685092807,hot,cold,218,2026-05-09_12-05-25-442471_baseline.txt,2026-05-09_12-05-25-442471_positive.txt,2026-05-09_12-05-25-442471_negative.txt
2026-05-09T12:05:42.900084,Tell me a story of a patient at a hospital,/home/andyholmberg/Projects/MATH498-Sparse-Autoencoder-Manipulation/saved_saes/shrink_mid_1/shrink/best_step_update,True,100,0.8,0.95,42,notebook_delta_pair,happy_sad,project,1,100,identity,post_activation,checkpoint,0,,20,2,1,50,all,blocks.9.hook_resid_post,checkpoint hook,6.224768878892064,happy,sad,100,2026-05-09_12-05-42-900084_baseline.txt,2026-05-09_12-05-42-900084_positive.txt,2026-05-09_12-05-42-900084_negative.txt
2026-05-09T12:06:02.588068,Tell me a story about a princess,/home/andyholmberg/Projects/MATH498-Sparse-Autoencoder-Manipulation/saved_saes/shrink_mid_1/shrink/best_step_update,True,100,0.8,0.95,42,notebook_delta_pair,happy_sad,project,1,100,identity,post_activation,checkpoint,0,,20,2,1,50,all,blocks.9.hook_resid_post,checkpoint hook,6.15838161110878,happy,sad,100,2026-05-09_12-06-02-588068_baseline.txt,2026-05-09_12-06-02-588068_positive.txt,2026-05-09_12-06-02-588068_negative.txt
2026-05-09T12:06:11.927438,Tell me a story about a princess,/home/andyholmberg/Projects/MATH498-Sparse-Autoencoder-Manipulation/saved_saes/shrink_mid_1/shrink/best_step_update,True,100,0.8,0.95,42,notebook_delta_pair,hot_cold,project,1,1000,identity,post_activation,checkpoint,0,,20,2,1,50,all,blocks.9.hook_resid_post,checkpoint hook,6.154088182374835,hot,cold,218,2026-05-09_12-06-11-927438_baseline.txt,2026-05-09_12-06-11-927438_positive.txt,2026-05-09_12-06-11-927438_negative.txt
2026-05-09T12:06:53.941918,Tell me a story about the cold wind,/home/andyholmberg/Projects/MATH498-Sparse-Autoencoder-Manipulation/saved_saes/shrink_mid_1/shrink/best_step_update,True,100,0.8,0.95,42,notebook_delta_pair,hot_cold,project,1,1000,identity,post_activation,checkpoint,0,,20,2,1,50,all,blocks.9.hook_resid_post,checkpoint hook,6.18431393802166,hot,cold,218,2026-05-09_12-06-53-941918_baseline.txt,2026-05-09_12-06-53-941918_positive.txt,2026-05-09_12-06-53-941918_negative.txt
2026-05-09T12:07:08.145731,Tell me a story about the mt everest,/home/andyholmberg/Projects/MATH498-Sparse-Autoencoder-Manipulation/saved_saes/shrink_mid_1/shrink/best_step_update,True,100,0.8,0.95,42,notebook_delta_pair,hot_cold,project,1,1000,identity,post_activation,checkpoint,0,,20,2,1,50,all,blocks.9.hook_resid_post,checkpoint hook,6.209947237744927,hot,cold,218,2026-05-09_12-07-08-145731_baseline.txt,2026-05-09_12-07-08-145731_positive.txt,2026-05-09_12-07-08-145731_negative.txt
2026-05-09T12:07:20.489465,Tell me a story about the mt. everest,/home/andyholmberg/Projects/MATH498-Sparse-Autoencoder-Manipulation/saved_saes/shrink_mid_1/shrink/best_step_update,True,100,0.8,0.95,42,notebook_delta_pair,hot_cold,project,1,1000,identity,post_activation,checkpoint,0,,20,2,1,50,all,blocks.9.hook_resid_post,checkpoint hook,6.399477947503328,hot,cold,218,2026-05-09_12-07-20-489465_baseline.txt,2026-05-09_12-07-20-489465_positive.txt,2026-05-09_12-07-20-489465_negative.txt
2026-05-09T12:07:34.633792,Tell me a story about the mt. Everest,/home/andyholmberg/Projects/MATH498-Sparse-Autoencoder-Manipulation/saved_saes/shrink_mid_1/shrink/best_step_update,True,100,0.8,0.95,42,notebook_delta_pair,hot_cold,project,1,1000,identity,post_activation,checkpoint,0,,20,2,1,50,all,blocks.9.hook_resid_post,checkpoint hook,14.463294576853514,hot,cold,218,2026-05-09_12-07-34-633792_baseline.txt,2026-05-09_12-07-34-633792_positive.txt,2026-05-09_12-07-34-633792_negative.txt
2026-05-09T12:07:35.601229,Tell me a story about the mt. Everest,/home/andyholmberg/Projects/MATH498-Sparse-Autoencoder-Manipulation/saved_saes/shrink_mid_1/shrink/best_step_update,True,100,0.8,0.95,42,notebook_delta_pair,hot_cold,project,1,1000,identity,post_activation,checkpoint,0,,20,2,1,50,all,blocks.9.hook_resid_post,checkpoint hook,14.001023072749376,hot,cold,218,2026-05-09_12-07-35-601229_baseline.txt,2026-05-09_12-07-35-601229_positive.txt,2026-05-09_12-07-35-601229_negative.txt
2026-05-09T12:08:16.277326,Tell me a story about climbing mt. Everest,/home/andyholmberg/Projects/MATH498-Sparse-Autoencoder-Manipulation/saved_saes/shrink_mid_1/shrink/best_step_update,True,100,0.8,0.95,42,notebook_delta_pair,hot_cold,project,1,1000,identity,post_activation,checkpoint,0,,20,2,1,50,all,blocks.9.hook_resid_post,checkpoint hook,6.21095154248178,hot,cold,218,2026-05-09_12-08-16-277326_baseline.txt,2026-05-09_12-08-16-277326_positive.txt,2026-05-09_12-08-16-277326_negative.txt
2026-05-09T12:08:48.087097,tell me a story about mt. Everest,/home/andyholmberg/Projects/MATH498-Sparse-Autoencoder-Manipulation/saved_saes/shrink_mid_1/shrink/best_step_update,True,100,0.8,0.95,42,notebook_delta_pair,hot_cold,project,1,1000,identity,post_activation,checkpoint,0,,20,2,1,50,all,blocks.9.hook_resid_post,checkpoint hook,6.206124825403094,hot,cold,218,2026-05-09_12-08-48-087097_baseline.txt,2026-05-09_12-08-48-087097_positive.txt,2026-05-09_12-08-48-087097_negative.txt
2026-05-09T12:11:45.063079,Describe waking up,/home/andyholmberg/Projects/MATH498-Sparse-Autoencoder-Manipulation/saved_saes/shrink_mid_1/shrink/best_step_update,True,100,0.8,0.95,42,notebook_delta_pair,hot_cold,project,1,1000,identity,post_activation,checkpoint,0,,20,2,1,50,all,blocks.9.hook_resid_post,checkpoint hook,6.09402734041214,hot,cold,218,2026-05-09_12-11-45-063079_baseline.txt,2026-05-09_12-11-45-063079_positive.txt,2026-05-09_12-11-45-063079_negative.txt
2026-05-09T12:12:06.311541,Describe waking up,/home/andyholmberg/Projects/MATH498-Sparse-Autoencoder-Manipulation/saved_saes/shrink_mid_1/shrink/best_step_update,True,100,0.8,0.95,42,notebook_delta_pair,happy_sad,project,1,100,identity,post_activation,checkpoint,0,,20,2,1,50,all,blocks.9.hook_resid_post,checkpoint hook,6.096348453313112,happy,sad,100,2026-05-09_12-12-06-311541_baseline.txt,2026-05-09_12-12-06-311541_positive.txt,2026-05-09_12-12-06-311541_negative.txt
2026-05-09T12:12:35.834204,Describe waking up,/home/andyholmberg/Projects/MATH498-Sparse-Autoencoder-Manipulation/saved_saes/shrink_mid_1/shrink/best_step_update,True,100,0.8,0.95,42,notebook_delta_pair,hot_cold,project,1,1000,identity,post_activation,checkpoint,0,,20,2,1,50,all,blocks.9.hook_resid_post,checkpoint hook,6.102370789274573,hot,cold,218,2026-05-09_12-12-35-834204_baseline.txt,2026-05-09_12-12-35-834204_positive.txt,2026-05-09_12-12-35-834204_negative.txt
2026-05-09T12:13:42.419067,describe a rainy day,/home/andyholmberg/Projects/MATH498-Sparse-Autoencoder-Manipulation/saved_saes/shrink_mid_1/shrink/best_step_update,True,100,0.8,0.95,42,notebook_delta_pair,hot_cold,project,1,1000,identity,post_activation,checkpoint,0,,20,2,1,50,all,blocks.9.hook_resid_post,checkpoint hook,7.3246697075665,hot,cold,218,2026-05-09_12-13-42-419067_baseline.txt,2026-05-09_12-13-42-419067_positive.txt,2026-05-09_12-13-42-419067_negative.txt
2026-05-09T12:13:47.742714,describe a rainy day,/home/andyholmberg/Projects/MATH498-Sparse-Autoencoder-Manipulation/saved_saes/shrink_mid_1/shrink/best_step_update,True,100,0.8,0.95,42,notebook_delta_pair,happy_sad,project,1,100,identity,post_activation,checkpoint,0,,20,2,1,50,all,blocks.9.hook_resid_post,checkpoint hook,7.505441524088383,happy,sad,100,2026-05-09_12-13-47-742714_baseline.txt,2026-05-09_12-13-47-742714_positive.txt,2026-05-09_12-13-47-742714_negative.txt
2026-05-09T12:14:01.773917,tell me a story about a rainy day,/home/andyholmberg/Projects/MATH498-Sparse-Autoencoder-Manipulation/saved_saes/shrink_mid_1/shrink/best_step_update,True,100,0.8,0.95,42,notebook_delta_pair,happy_sad,project,1,100,identity,post_activation,checkpoint,0,,20,2,1,50,all,blocks.9.hook_resid_post,checkpoint hook,6.166669076308608,happy,sad,100,2026-05-09_12-14-01-773917_baseline.txt,2026-05-09_12-14-01-773917_positive.txt,2026-05-09_12-14-01-773917_negative.txt
2026-05-09T12:14:44.352330,tell me a story about a rainy day,/home/andyholmberg/Projects/MATH498-Sparse-Autoencoder-Manipulation/saved_saes/shrink_mid_1/shrink/best_step_update,True,100,0.8,0.95,42,notebook_delta_pair,hot_cold,project,1,1000,identity,post_activation,checkpoint,0,,20,2,1,50,all,blocks.9.hook_resid_post,checkpoint hook,6.194973789155483,hot,cold,218,2026-05-09_12-14-44-352330_baseline.txt,2026-05-09_12-14-44-352330_positive.txt,2026-05-09_12-14-44-352330_negative.txt
2026-05-09T12:15:47.631390,Is it hot or cold outside today?,/home/andyholmberg/Projects/MATH498-Sparse-Autoencoder-Manipulation/saved_saes/shrink_mid_1/shrink/best_step_update,True,100,0.8,0.95,42,notebook_delta_pair,hot_cold,project,1,1000,identity,post_activation,checkpoint,0,,20,2,1,50,all,blocks.9.hook_resid_post,checkpoint hook,6.199953405186534,hot,cold,218,2026-05-09_12-15-47-631390_baseline.txt,2026-05-09_12-15-47-631390_positive.txt,2026-05-09_12-15-47-631390_negative.txt
2026-05-09T12:16:10.122934,Is it cold or hot outside?,/home/andyholmberg/Projects/MATH498-Sparse-Autoencoder-Manipulation/saved_saes/shrink_mid_1/shrink/best_step_update,True,100,0.8,0.95,42,notebook_delta_pair,hot_cold,project,1,1000,identity,post_activation,checkpoint,0,,20,2,1,50,all,blocks.9.hook_resid_post,checkpoint hook,6.156520398333669,hot,cold,218,2026-05-09_12-16-10-122934_baseline.txt,2026-05-09_12-16-10-122934_positive.txt,2026-05-09_12-16-10-122934_negative.txt
2026-05-09T12:16:39.295125,Tell me a story about a snowman,/home/andyholmberg/Projects/MATH498-Sparse-Autoencoder-Manipulation/saved_saes/shrink_mid_1/shrink/best_step_update,True,100,0.8,0.95,42,notebook_delta_pair,hot_cold,project,1,1000,identity,post_activation,checkpoint,0,,20,2,1,50,all,blocks.9.hook_resid_post,checkpoint hook,6.160063901916146,hot,cold,218,2026-05-09_12-16-39-295125_baseline.txt,2026-05-09_12-16-39-295125_positive.txt,2026-05-09_12-16-39-295125_negative.txt
2026-05-09T12:17:01.102521,tell me a story about a snowman,/home/andyholmberg/Projects/MATH498-Sparse-Autoencoder-Manipulation/saved_saes/shrink_mid_1/shrink/best_step_update,True,100,0.8,0.95,42,notebook_delta_pair,hot_cold,project,1,1000,identity,post_activation,checkpoint,0,,20,2,1,50,all,blocks.9.hook_resid_post,checkpoint hook,6.168422132730484,hot,cold,218,2026-05-09_12-17-01-102521_baseline.txt,2026-05-09_12-17-01-102521_positive.txt,2026-05-09_12-17-01-102521_negative.txt
2026-05-09T12:17:09.785055,describe the life of a snowman,/home/andyholmberg/Projects/MATH498-Sparse-Autoencoder-Manipulation/saved_saes/shrink_mid_1/shrink/best_step_update,True,100,0.8,0.95,42,notebook_delta_pair,hot_cold,project,1,1000,identity,post_activation,checkpoint,0,,20,2,1,50,all,blocks.9.hook_resid_post,checkpoint hook,6.1615174524486065,hot,cold,218,2026-05-09_12-17-09-785055_baseline.txt,2026-05-09_12-17-09-785055_positive.txt,2026-05-09_12-17-09-785055_negative.txt
2026-05-09T12:17:47.380760,tell me a story about a snowman,/home/andyholmberg/Projects/MATH498-Sparse-Autoencoder-Manipulation/saved_saes/shrink_mid_1/shrink/best_step_update,True,100,0.8,0.95,42,notebook_delta_pair,hot_cold,project,1,1000,identity,post_activation,checkpoint,0,,20,2,1,50,all,blocks.9.hook_resid_post,checkpoint hook,6.175218839198351,hot,cold,218,2026-05-09_12-17-47-380760_baseline.txt,2026-05-09_12-17-47-380760_positive.txt,2026-05-09_12-17-47-380760_negative.txt
2026-05-09T12:18:20.033506,tell me a story about the snow,/home/andyholmberg/Projects/MATH498-Sparse-Autoencoder-Manipulation/saved_saes/shrink_mid_1/shrink/best_step_update,True,100,0.8,0.95,42,notebook_delta_pair,hot_cold,project,1,1000,identity,post_activation,checkpoint,0,,20,2,1,50,all,blocks.9.hook_resid_post,checkpoint hook,6.189338982105255,hot,cold,218,2026-05-09_12-18-20-033506_baseline.txt,2026-05-09_12-18-20-033506_positive.txt,2026-05-09_12-18-20-033506_negative.txt
2026-05-09T12:18:37.643280,tell me a story about the winter,/home/andyholmberg/Projects/MATH498-Sparse-Autoencoder-Manipulation/saved_saes/shrink_mid_1/shrink/best_step_update,True,100,0.8,0.95,42,notebook_delta_pair,hot_cold,project,1,1000,identity,post_activation,checkpoint,0,,20,2,1,50,all,blocks.9.hook_resid_post,checkpoint hook,6.171576036140323,hot,cold,218,2026-05-09_12-18-37-643280_baseline.txt,2026-05-09_12-18-37-643280_positive.txt,2026-05-09_12-18-37-643280_negative.txt
2026-05-09T12:18:57.740097,tell me a story about a cold winter,/home/andyholmberg/Projects/MATH498-Sparse-Autoencoder-Manipulation/saved_saes/shrink_mid_1/shrink/best_step_update,True,100,0.8,0.95,42,notebook_delta_pair,hot_cold,project,1,1000,identity,post_activation,checkpoint,0,,20,2,1,50,all,blocks.9.hook_resid_post,checkpoint hook,6.201810738071799,hot,cold,218,2026-05-09_12-18-57-740097_baseline.txt,2026-05-09_12-18-57-740097_positive.txt,2026-05-09_12-18-57-740097_negative.txt
2026-05-09T12:19:49.903390,what is the temperature of the food?,/home/andyholmberg/Projects/MATH498-Sparse-Autoencoder-Manipulation/saved_saes/shrink_mid_1/shrink/best_step_update,True,100,0.8,0.95,42,notebook_delta_pair,hot_cold,project,1,1000,identity,post_activation,checkpoint,0,,20,2,1,50,all,blocks.9.hook_resid_post,checkpoint hook,6.218034170567989,hot,cold,218,2026-05-09_12-19-49-903390_baseline.txt,2026-05-09_12-19-49-903390_positive.txt,2026-05-09_12-19-49-903390_negative.txt
2026-05-09T12:20:09.633337,what is the temperature of the food right now?,/home/andyholmberg/Projects/MATH498-Sparse-Autoencoder-Manipulation/saved_saes/shrink_mid_1/shrink/best_step_update,True,100,0.8,0.95,42,notebook_delta_pair,hot_cold,project,1,1000,identity,post_activation,checkpoint,0,,20,2,1,50,all,blocks.9.hook_resid_post,checkpoint hook,6.223440544679761,hot,cold,218,2026-05-09_12-20-09-633337_baseline.txt,2026-05-09_12-20-09-633337_positive.txt,2026-05-09_12-20-09-633337_negative.txt
2026-05-09T12:20:53.436324,is the temperature outside hot or cold?,/home/andyholmberg/Projects/MATH498-Sparse-Autoencoder-Manipulation/saved_saes/shrink_mid_1/shrink/best_step_update,True,100,0.8,0.95,42,notebook_delta_pair,hot_cold,project,1,1000,identity,post_activation,checkpoint,0,,20,2,1,50,all,blocks.9.hook_resid_post,checkpoint hook,6.181917518377304,hot,cold,218,2026-05-09_12-20-53-436324_baseline.txt,2026-05-09_12-20-53-436324_positive.txt,2026-05-09_12-20-53-436324_negative.txt
2026-05-09T12:21:14.617990,is the temperature outside hot or cold?,/home/andyholmberg/Projects/MATH498-Sparse-Autoencoder-Manipulation/saved_saes/shrink_mid_1/shrink/best_step_update,True,100,0.8,0.95,42,notebook_delta_pair,hot_cold,add,10,1000,identity,post_activation,checkpoint,0,,20,2,1,50,all,blocks.9.hook_resid_post,checkpoint hook,5.028908448293805,hot,cold,218,2026-05-09_12-21-14-617990_baseline.txt,2026-05-09_12-21-14-617990_positive.txt,2026-05-09_12-21-14-617990_negative.txt
2026-05-09T12:22:28.304596,tell a story about mt everest,/home/andyholmberg/Projects/MATH498-Sparse-Autoencoder-Manipulation/saved_saes/shrink_mid_1/shrink/best_step_update,True,100,0.8,0.95,42,notebook_delta_pair,hot_cold,add,10,1000,identity,post_activation,checkpoint,0,,20,2,1,50,all,blocks.9.hook_resid_post,checkpoint hook,5.058966610580683,hot,cold,218,2026-05-09_12-22-28-304596_baseline.txt,2026-05-09_12-22-28-304596_positive.txt,2026-05-09_12-22-28-304596_negative.txt
2026-05-09T12:23:35.960573,tell a story about mt everest,/home/andyholmberg/Projects/MATH498-Sparse-Autoencoder-Manipulation/saved_saes/shrink_mid_1/shrink/best_step_update,True,100,0.8,0.95,42,notebook_delta_pair,hot_cold,project,1,1000,identity,post_activation,checkpoint,0,,20,2,1,50,all,blocks.9.hook_resid_post,checkpoint hook,6.207675527781248,hot,cold,218,2026-05-09_12-23-35-960573_baseline.txt,2026-05-09_12-23-35-960573_positive.txt,2026-05-09_12-23-35-960573_negative.txt
2026-05-09T12:25:05.894677,tell me a story about a princess,/home/andyholmberg/Projects/MATH498-Sparse-Autoencoder-Manipulation/saved_saes/shrink_mid_1/shrink/best_step_update,True,100,0.8,0.95,42,notebook_delta_pair,hot_cold,project,1,1000,identity,post_activation,checkpoint,0,,20,2,1,50,all,blocks.9.hook_resid_post,checkpoint hook,6.1730812676250935,hot,cold,218,2026-05-09_12-25-05-894677_baseline.txt,2026-05-09_12-25-05-894677_positive.txt,2026-05-09_12-25-05-894677_negative.txt
2026-05-09T12:26:06.787679,can you tell me a sad story about a crying baby,/home/andyholmberg/Projects/MATH498-Sparse-Autoencoder-Manipulation/saved_saes/shrink_mid_1/shrink/best_step_update,True,100,0.8,0.95,42,notebook_delta_pair,hot_cold,project,1,1000,identity,post_activation,checkpoint,0,,20,2,1,50,all,blocks.9.hook_resid_post,checkpoint hook,6.218530789017677,hot,cold,218,2026-05-09_12-26-06-787679_baseline.txt,2026-05-09_12-26-06-787679_positive.txt,2026-05-09_12-26-06-787679_negative.txt
2026-05-09T12:26:14.547064,can you tell me a sad story about a crying baby,/home/andyholmberg/Projects/MATH498-Sparse-Autoencoder-Manipulation/saved_saes/shrink_mid_1/shrink/best_step_update,True,100,0.8,0.95,42,notebook_delta_pair,happy_sad,project,1,100,identity,post_activation,checkpoint,0,,20,2,1,50,all,blocks.9.hook_resid_post,checkpoint hook,6.2491603177040815,happy,sad,100,2026-05-09_12-26-14-547064_baseline.txt,2026-05-09_12-26-14-547064_positive.txt,2026-05-09_12-26-14-547064_negative.txt
2026-05-09T12:26:36.656792,can you tell me a story about a crying baby,/home/andyholmberg/Projects/MATH498-Sparse-Autoencoder-Manipulation/saved_saes/shrink_mid_1/shrink/best_step_update,True,100,0.8,0.95,42,notebook_delta_pair,happy_sad,project,1,100,identity,post_activation,checkpoint,0,,20,2,1,50,all,blocks.9.hook_resid_post,checkpoint hook,6.20282949693501,happy,sad,100,2026-05-09_12-26-36-656792_baseline.txt,2026-05-09_12-26-36-656792_positive.txt,2026-05-09_12-26-36-656792_negative.txt
2026-05-09T12:27:16.621157,can you tell me a story about a rainy day,/home/andyholmberg/Projects/MATH498-Sparse-Autoencoder-Manipulation/saved_saes/shrink_mid_1/shrink/best_step_update,True,100,0.8,0.95,42,notebook_delta_pair,happy_sad,project,1,100,identity,post_activation,checkpoint,0,,20,2,1,50,all,blocks.9.hook_resid_post,checkpoint hook,6.238002633675933,happy,sad,100,2026-05-09_12-27-16-621157_baseline.txt,2026-05-09_12-27-16-621157_positive.txt,2026-05-09_12-27-16-621157_negative.txt
2026-05-09T12:27:43.849023,tell me a story about a rainy day,/home/andyholmberg/Projects/MATH498-Sparse-Autoencoder-Manipulation/saved_saes/shrink_mid_1/shrink/best_step_update,True,100,0.8,0.95,42,notebook_delta_pair,happy_sad,project,1,100,identity,post_activation,checkpoint,0,,20,2,1,50,all,blocks.9.hook_resid_post,checkpoint hook,6.219727473333478,happy,sad,100,2026-05-09_12-27-43-849023_baseline.txt,2026-05-09_12-27-43-849023_positive.txt,2026-05-09_12-27-43-849023_negative.txt
2026-05-09T12:27:56.738112,ell me a tstory about a crying baby,/home/andyholmberg/Projects/MATH498-Sparse-Autoencoder-Manipulation/saved_saes/shrink_mid_1/shrink/best_step_update,True,100,0.8,0.95,42,notebook_delta_pair,happy_sad,project,1,100,identity,post_activation,checkpoint,0,,20,2,1,50,all,blocks.9.hook_resid_post,checkpoint hook,7.036824446171522,happy,sad,100,2026-05-09_12-27-56-738112_baseline.txt,2026-05-09_12-27-56-738112_positive.txt,2026-05-09_12-27-56-738112_negative.txt
2026-05-09T12:28:08.132182,ell me a story about a crying baby,/home/andyholmberg/Projects/MATH498-Sparse-Autoencoder-Manipulation/saved_saes/shrink_mid_1/shrink/best_step_update,True,100,0.8,0.95,42,notebook_delta_pair,happy_sad,project,1,100,identity,post_activation,checkpoint,0,,20,2,1,50,all,blocks.9.hook_resid_post,checkpoint hook,12.725605994462967,happy,sad,100,2026-05-09_12-28-08-132182_baseline.txt,2026-05-09_12-28-08-132182_positive.txt,2026-05-09_12-28-08-132182_negative.txt
2026-05-09T12:28:11.194445,tell me a story about a crying baby,/home/andyholmberg/Projects/MATH498-Sparse-Autoencoder-Manipulation/saved_saes/shrink_mid_1/shrink/best_step_update,True,100,0.8,0.95,42,notebook_delta_pair,happy_sad,project,1,100,identity,post_activation,checkpoint,0,,20,2,1,50,all,blocks.9.hook_resid_post,checkpoint hook,11.957469636574388,happy,sad,100,2026-05-09_12-28-11-194445_baseline.txt,2026-05-09_12-28-11-194445_positive.txt,2026-05-09_12-28-11-194445_negative.txt
2026-05-09T12:28:53.854737,can you tell me a story about a crying baby,/home/andyholmberg/Projects/MATH498-Sparse-Autoencoder-Manipulation/saved_saes/shrink_mid_1/shrink/best_step_update,True,100,0.8,0.95,42,notebook_delta_pair,happy_sad,project,1,100,identity,post_activation,checkpoint,0,,20,2,1,50,all,blocks.9.hook_resid_post,checkpoint hook,6.2390981782227755,happy,sad,100,2026-05-09_12-28-53-854737_baseline.txt,2026-05-09_12-28-53-854737_positive.txt,2026-05-09_12-28-53-854737_negative.txt
2026-05-09T12:29:02.953710,can you tell me a story about a crying baby?,/home/andyholmberg/Projects/MATH498-Sparse-Autoencoder-Manipulation/saved_saes/shrink_mid_1/shrink/best_step_update,True,100,0.8,0.95,42,notebook_delta_pair,happy_sad,project,1,100,identity,post_activation,checkpoint,0,,20,2,1,50,all,blocks.9.hook_resid_post,checkpoint hook,6.245812488719821,happy,sad,100,2026-05-09_12-29-02-953710_baseline.txt,2026-05-09_12-29-02-953710_positive.txt,2026-05-09_12-29-02-953710_negative.txt
2026-05-09T12:30:08.207288,tell me a happy story about a 5 year old,/home/andyholmberg/Projects/MATH498-Sparse-Autoencoder-Manipulation/saved_saes/shrink_mid_1/shrink/best_step_update,True,100,0.8,0.95,42,notebook_delta_pair,happy_sad,project,1,100,identity,post_activation,checkpoint,0,,20,2,1,50,all,blocks.9.hook_resid_post,checkpoint hook,6.225112654268742,happy,sad,100,2026-05-09_12-30-08-207288_baseline.txt,2026-05-09_12-30-08-207288_positive.txt,2026-05-09_12-30-08-207288_negative.txt
2026-05-09T12:30:35.993237,can you describe current events,/home/andyholmberg/Projects/MATH498-Sparse-Autoencoder-Manipulation/saved_saes/shrink_mid_1/shrink/best_step_update,True,100,0.8,0.95,42,notebook_delta_pair,happy_sad,project,1,100,identity,post_activation,checkpoint,0,,20,2,1,50,all,blocks.9.hook_resid_post,checkpoint hook,6.140359254553914,happy,sad,100,2026-05-09_12-30-35-993237_baseline.txt,2026-05-09_12-30-35-993237_positive.txt,2026-05-09_12-30-35-993237_negative.txt
2026-05-09T12:30:56.534569,What happened in 2008?,/home/andyholmberg/Projects/MATH498-Sparse-Autoencoder-Manipulation/saved_saes/shrink_mid_1/shrink/best_step_update,True,100,0.8,0.95,42,notebook_delta_pair,happy_sad,project,1,100,identity,post_activation,checkpoint,0,,20,2,1,50,all,blocks.9.hook_resid_post,checkpoint hook,6.192917723208666,happy,sad,100,2026-05-09_12-30-56-534569_baseline.txt,2026-05-09_12-30-56-534569_positive.txt,2026-05-09_12-30-56-534569_negative.txt
2026-05-09T12:31:32.250346,What are the responsibilities of the president?,/home/andyholmberg/Projects/MATH498-Sparse-Autoencoder-Manipulation/saved_saes/shrink_mid_1/shrink/best_step_update,True,100,0.8,0.95,42,notebook_delta_pair,happy_sad,project,1,100,identity,post_activation,checkpoint,0,,20,2,1,50,all,blocks.9.hook_resid_post,checkpoint hook,6.207688864320517,happy,sad,100,2026-05-09_12-31-32-250346_baseline.txt,2026-05-09_12-31-32-250346_positive.txt,2026-05-09_12-31-32-250346_negative.txt
2026-05-09T12:31:42.645932,what are the responsibilities of the president?,/home/andyholmberg/Projects/MATH498-Sparse-Autoencoder-Manipulation/saved_saes/shrink_mid_1/shrink/best_step_update,True,100,0.8,0.95,42,notebook_delta_pair,happy_sad,project,1,100,identity,post_activation,checkpoint,0,,20,2,1,50,all,blocks.9.hook_resid_post,checkpoint hook,6.182416148483753,happy,sad,100,2026-05-09_12-31-42-645932_baseline.txt,2026-05-09_12-31-42-645932_positive.txt,2026-05-09_12-31-42-645932_negative.txt
2026-05-09T12:32:12.557194,tell me a story about the ocean,/home/andyholmberg/Projects/MATH498-Sparse-Autoencoder-Manipulation/saved_saes/shrink_mid_1/shrink/best_step_update,True,100,0.8,0.95,42,notebook_delta_pair,happy_sad,project,1,100,identity,post_activation,checkpoint,0,,20,2,1,50,all,blocks.9.hook_resid_post,checkpoint hook,6.164172794669867,happy,sad,100,2026-05-09_12-32-12-557194_baseline.txt,2026-05-09_12-32-12-557194_positive.txt,2026-05-09_12-32-12-557194_negative.txt
2026-05-09T12:32:24.206670,tell me a story,/home/andyholmberg/Projects/MATH498-Sparse-Autoencoder-Manipulation/saved_saes/shrink_mid_1/shrink/best_step_update,True,100,0.8,0.95,42,notebook_delta_pair,happy_sad,project,1,100,identity,post_activation,checkpoint,0,,20,2,1,50,all,blocks.9.hook_resid_post,checkpoint hook,6.393168602138758,happy,sad,100,2026-05-09_12-32-24-206670_baseline.txt,2026-05-09_12-32-24-206670_positive.txt,2026-05-09_12-32-24-206670_negative.txt
2026-05-09T12:32:35.885591,tell me a happy story,/home/andyholmberg/Projects/MATH498-Sparse-Autoencoder-Manipulation/saved_saes/shrink_mid_1/shrink/best_step_update,True,100,0.8,0.95,42,notebook_delta_pair,happy_sad,project,1,100,identity,post_activation,checkpoint,0,,20,2,1,50,all,blocks.9.hook_resid_post,checkpoint hook,12.401009989902377,happy,sad,100,2026-05-09_12-32-35-885591_baseline.txt,2026-05-09_12-32-35-885591_positive.txt,2026-05-09_12-32-35-885591_negative.txt
2026-05-09T12:32:38.571641,tell me a happy story,/home/andyholmberg/Projects/MATH498-Sparse-Autoencoder-Manipulation/saved_saes/shrink_mid_1/shrink/best_step_update,True,100,0.8,0.95,42,notebook_delta_pair,happy_sad,project,1,100,identity,post_activation,checkpoint,0,,20,2,1,50,all,blocks.9.hook_resid_post,checkpoint hook,12.594639820978045,happy,sad,100,2026-05-09_12-32-38-571641_baseline.txt,2026-05-09_12-32-38-571641_positive.txt,2026-05-09_12-32-38-571641_negative.txt
2026-05-09T12:33:00.694418,tell me a sad story,/home/andyholmberg/Projects/MATH498-Sparse-Autoencoder-Manipulation/saved_saes/shrink_mid_1/shrink/best_step_update,True,100,0.8,0.95,42,notebook_delta_pair,happy_sad,project,1,100,identity,post_activation,checkpoint,0,,20,2,1,50,all,blocks.9.hook_resid_post,checkpoint hook,6.14821070432663,happy,sad,100,2026-05-09_12-33-00-694418_baseline.txt,2026-05-09_12-33-00-694418_positive.txt,2026-05-09_12-33-00-694418_negative.txt
2026-05-09T12:33:57.521172,tell me a story about the heat,/home/andyholmberg/Projects/MATH498-Sparse-Autoencoder-Manipulation/saved_saes/shrink_mid_1/shrink/best_step_update,True,100,0.8,0.95,42,notebook_delta_pair,happy_sad,project,1,100,identity,post_activation,checkpoint,0,,20,2,1,50,all,blocks.9.hook_resid_post,checkpoint hook,9.66266649775207,happy,sad,100,2026-05-09_12-33-57-521172_baseline.txt,2026-05-09_12-33-57-521172_positive.txt,2026-05-09_12-33-57-521172_negative.txt
2026-05-09T12:34:01.335481,tell me a story about the heat wave,/home/andyholmberg/Projects/MATH498-Sparse-Autoencoder-Manipulation/saved_saes/shrink_mid_1/shrink/best_step_update,True,100,0.8,0.95,42,notebook_delta_pair,happy_sad,project,1,100,identity,post_activation,checkpoint,0,,20,2,1,50,all,blocks.9.hook_resid_post,checkpoint hook,9.66565908305347,happy,sad,100,2026-05-09_12-34-01-335481_baseline.txt,2026-05-09_12-34-01-335481_positive.txt,2026-05-09_12-34-01-335481_negative.txt
2026-05-09T12:34:51.806993,it it too hot to go outside?,/home/andyholmberg/Projects/MATH498-Sparse-Autoencoder-Manipulation/saved_saes/shrink_mid_1/shrink/best_step_update,True,100,0.8,0.95,42,notebook_delta_pair,happy_sad,project,1,100,identity,post_activation,checkpoint,0,,20,2,1,50,all,blocks.9.hook_resid_post,checkpoint hook,6.186412703245878,happy,sad,100,2026-05-09_12-34-51-806993_baseline.txt,2026-05-09_12-34-51-806993_positive.txt,2026-05-09_12-34-51-806993_negative.txt
2026-05-09T12:35:05.518635,Is it too hot to go outside?,/home/andyholmberg/Projects/MATH498-Sparse-Autoencoder-Manipulation/saved_saes/shrink_mid_1/shrink/best_step_update,True,100,0.8,0.95,42,notebook_delta_pair,happy_sad,project,1,100,identity,post_activation,checkpoint,0,,20,2,1,50,all,blocks.9.hook_resid_post,checkpoint hook,6.166494984179735,happy,sad,100,2026-05-09_12-35-05-518635_baseline.txt,2026-05-09_12-35-05-518635_positive.txt,2026-05-09_12-35-05-518635_negative.txt
2026-05-09T12:35:15.133033,Is it too hot to go outside?,/home/andyholmberg/Projects/MATH498-Sparse-Autoencoder-Manipulation/saved_saes/shrink_mid_1/shrink/best_step_update,True,100,0.8,0.95,42,notebook_delta_pair,hot_cold,project,1,1000,identity,post_activation,checkpoint,0,,20,2,1,50,all,blocks.9.hook_resid_post,checkpoint hook,6.171343179419637,hot,cold,218,2026-05-09_12-35-15-133033_baseline.txt,2026-05-09_12-35-15-133033_positive.txt,2026-05-09_12-35-15-133033_negative.txt
2026-05-09T12:35:29.666589,is it too hot to go outside?,/home/andyholmberg/Projects/MATH498-Sparse-Autoencoder-Manipulation/saved_saes/shrink_mid_1/shrink/best_step_update,True,100,0.8,0.95,42,notebook_delta_pair,hot_cold,project,1,1000,identity,post_activation,checkpoint,0,,20,2,1,50,all,blocks.9.hook_resid_post,checkpoint hook,6.177745705470443,hot,cold,218,2026-05-09_12-35-29-666589_baseline.txt,2026-05-09_12-35-29-666589_positive.txt,2026-05-09_12-35-29-666589_negative.txt
2026-05-09T12:35:41.714124,Is it too hot to go outside?,/home/andyholmberg/Projects/MATH498-Sparse-Autoencoder-Manipulation/saved_saes/shrink_mid_1/shrink/best_step_update,True,100,0.8,0.95,42,notebook_delta_pair,hot_cold,project,1,1000,identity,post_activation,checkpoint,0,,20,2,1,50,all,blocks.9.hook_resid_post,checkpoint hook,6.165726313367486,hot,cold,218,2026-05-09_12-35-41-714124_baseline.txt,2026-05-09_12-35-41-714124_positive.txt,2026-05-09_12-35-41-714124_negative.txt
2026-05-09T12:35:48.334211,Is it too hot to go outside?,/home/andyholmberg/Projects/MATH498-Sparse-Autoencoder-Manipulation/saved_saes/shrink_mid_1/shrink/best_step_update,True,100,0.8,0.95,42,notebook_delta_pair,hot_cold,add,10,1000,identity,post_activation,checkpoint,0,,20,2,1,50,all,blocks.9.hook_resid_post,checkpoint hook,5.009846763685346,hot,cold,218,2026-05-09_12-35-48-334211_baseline.txt,2026-05-09_12-35-48-334211_positive.txt,2026-05-09_12-35-48-334211_negative.txt
2026-05-09T12:36:02.909318,Is it too hot to go outside?,/home/andyholmberg/Projects/MATH498-Sparse-Autoencoder-Manipulation/saved_saes/shrink_mid_1/shrink/best_step_update,True,100,0.8,0.95,42,notebook_delta_pair,hot_cold,add,10,1000,identity,post_activation,checkpoint,0,,20,2,1,50,all,blocks.9.hook_resid_post,checkpoint hook,5.001047465950251,hot,cold,218,2026-05-09_12-36-02-909318_baseline.txt,2026-05-09_12-36-02-909318_positive.txt,2026-05-09_12-36-02-909318_negative.txt
2026-05-09T12:36:20.389953,Is it too cold to go outside?,/home/andyholmberg/Projects/MATH498-Sparse-Autoencoder-Manipulation/saved_saes/shrink_mid_1/shrink/best_step_update,True,100,0.8,0.95,42,notebook_delta_pair,hot_cold,add,10,1000,identity,post_activation,checkpoint,0,,20,2,1,50,all,blocks.9.hook_resid_post,checkpoint hook,5.020033353939652,hot,cold,218,2026-05-09_12-36-20-389953_baseline.txt,2026-05-09_12-36-20-389953_positive.txt,2026-05-09_12-36-20-389953_negative.txt
2026-05-09T12:37:04.940187,What is the forecast today?,/home/andyholmberg/Projects/MATH498-Sparse-Autoencoder-Manipulation/saved_saes/shrink_mid_1/shrink/best_step_update,True,100,0.8,0.95,42,notebook_delta_pair,hot_cold,add,10,1000,identity,post_activation,checkpoint,0,,20,2,1,50,all,blocks.9.hook_resid_post,checkpoint hook,5.0055036917328835,hot,cold,218,2026-05-09_12-37-04-940187_baseline.txt,2026-05-09_12-37-04-940187_positive.txt,2026-05-09_12-37-04-940187_negative.txt
2026-05-09T12:37:18.584752,what is the forecast on a typical day?,/home/andyholmberg/Projects/MATH498-Sparse-Autoencoder-Manipulation/saved_saes/shrink_mid_1/shrink/best_step_update,True,100,0.8,0.95,42,notebook_delta_pair,hot_cold,add,10,1000,identity,post_activation,checkpoint,0,,20,2,1,50,all,blocks.9.hook_resid_post,checkpoint hook,5.006363902240992,hot,cold,218,2026-05-09_12-37-18-584752_baseline.txt,2026-05-09_12-37-18-584752_positive.txt,2026-05-09_12-37-18-584752_negative.txt
2026-05-09T12:37:33.478155,what is the temperature on a typical day?,/home/andyholmberg/Projects/MATH498-Sparse-Autoencoder-Manipulation/saved_saes/shrink_mid_1/shrink/best_step_update,True,100,0.8,0.95,42,notebook_delta_pair,hot_cold,add,10,1000,identity,post_activation,checkpoint,0,,20,2,1,50,all,blocks.9.hook_resid_post,checkpoint hook,5.007375033572316,hot,cold,218,2026-05-09_12-37-33-478155_baseline.txt,2026-05-09_12-37-33-478155_positive.txt,2026-05-09_12-37-33-478155_negative.txt
2026-05-09T12:39:10.738605,what is the temperature on a summer day?,/home/andyholmberg/Projects/MATH498-Sparse-Autoencoder-Manipulation/saved_saes/shrink_mid_1/shrink/best_step_update,True,100,0.8,0.95,42,notebook_delta_pair,hot_cold,add,10,1000,identity,post_activation,checkpoint,0,,20,2,1,50,all,blocks.9.hook_resid_post,checkpoint hook,5.016765268519521,hot,cold,218,2026-05-09_12-39-10-738605_baseline.txt,2026-05-09_12-39-10-738605_positive.txt,2026-05-09_12-39-10-738605_negative.txt
2026-05-09T12:39:23.923039,what is the temperature on a summer day?,/home/andyholmberg/Projects/MATH498-Sparse-Autoencoder-Manipulation/saved_saes/shrink_mid_1/shrink/best_step_update,True,100,0.8,0.95,42,notebook_delta_pair,hot_cold,project,1,1000,identity,post_activation,checkpoint,0,,20,2,1,50,all,blocks.9.hook_resid_post,checkpoint hook,6.194001756608486,hot,cold,218,2026-05-09_12-39-23-923039_baseline.txt,2026-05-09_12-39-23-923039_positive.txt,2026-05-09_12-39-23-923039_negative.txt
